external_ref,raw_content,received_at
msg-001,"Hi, I saw your website and wanted to ask if you handle commercial jobs too, not just residential? We have a small office building.",2026-08-01T09:12:00
msg-002,Do you offer a free consultation before signing up? Also curious what your typical turnaround time looks like.,2026-08-01T10:03:00
msg-003,"Hello, my name is Priya Nandakumar with Nandakumar & Sons. We're looking for a new vendor starting next quarter, can someone call me at 555-0142?",2026-08-01T11:45:00
msg-004,What areas do you service? We're based just outside the city and aren't sure if we're in range.,2026-08-01T14:20:00
msg-005,Interested in learning more about your maintenance plans. Can you send pricing?,2026-08-02T08:55:00
msg-006,"The unit you installed last week is making a rattling noise whenever it starts up. Can someone come take a look? This is urgent, it's getting worse.",2026-08-02T13:10:00
msg-007,"I can't log into my account, it says my password is wrong even after resetting it twice. Please help ASAP, I need to access an order.",2026-08-02T15:40:00
msg-008,The replacement part you sent doesn't fit the model you have on file for us. Can someone double check what we actually have installed?,2026-08-03T09:00:00
msg-009,"Following up on my ticket from last week about the leak under the sink, it's still dripping.",2026-08-03T10:30:00
msg-010,Your technician left without finishing the job on Tuesday and now the system won't turn on at all. Needs someone out here today if possible.,2026-08-03T16:05:00
msg-011,"I was charged twice for my March invoice, can you refund the duplicate charge? Account is under Dana Whitfield.",2026-08-04T09:20:00
msg-012,Why did my subscription price go up this month without notice? I want an explanation before I pay this invoice.,2026-08-04T11:15:00
msg-013,Can you send an itemized copy of invoice #4471? Finance is asking questions about the line items.,2026-08-04T13:50:00
msg-014,"We never received a refund for the cancelled service call in June. It's been almost two months, this is unacceptable and honestly the tech who came out was rude too.",2026-08-05T09:05:00
msg-015,"My card on file expired, how do I update payment info before my renewal hits?",2026-08-05T10:40:00
msg-016,Can we move Thursday's appointment to next Monday instead? Something came up at work.,2026-08-05T14:00:00
msg-017,"I'd like to schedule an installation sometime in the next two weeks, whatever works best on your end.",2026-08-06T08:30:00
msg-018,"Need to cancel my 2pm tomorrow, will call to rebook.",2026-08-06T09:45:00
msg-019,"Confirming our appointment for August 15th at 10am, just wanted to make sure that's still on the calendar.",2026-08-06T12:10:00
msg-020,Can you fit us in sooner than the 20th? We have guests arriving and would really like this done before then.,2026-08-06T15:30:00
msg-021,"Congratulations! You've been selected to claim your free prize, click here now before it expires: bit.ly/xyz123",2026-08-07T07:58:00
msg-022,Boost your website traffic instantly - SEO packages starting at $9.99! Reply STOP to unsubscribe.,2026-08-07T08:02:00
msg-023,"URGENT: Your account has been suspended, verify your identity immediately by clicking this link or lose access permanently.",2026-08-07T08:10:00
msg-024,"hey we sell bulk email lists cheap, thousands of verified leads, interested?",2026-08-07T08:15:00
msg-025,"hi need help with the thing from before, still not fixed",2026-08-07T17:00:00
msg-026,"We're planning a full facility retrofit across three locations and the estimate we received was $85,000. Before we sign off, can someone confirm this quote is still accurate and walk us through the payment schedule?",2026-08-08T09:00:00
msg-027,"Quick question, does the warranty cover parts and labor or just parts?",2026-08-08T10:20:00
msg-028,This is the third time I've emailed about the billing error on my account and also nobody has come to fix the unit that's still broken. I'm considering cancelling everything.,2026-08-08T11:00:00
